time,
1565.8403514032238,
1666.8169260480377,
1645.2616230448841,
1616.6364829216043,
1645.3207000788418,
1628.6451381920554,
1617.4419965277777,
1587.4279172241336,
1615.751417419247,
1598.6242658161316,
1631.406194970056,
1590.7157320933677,
1637.896889514048,
1574.755476892998,
1658.0370867179536,
1669.7307586925012,
1666.476834026185,
1644.800471378058,
1572.0313696164628,
1563.6218437818552,
1624.4973050060526,
1588.7095826564093,
1658.0567039771279,
1624.4290475081232,
1596.979796882964,
1572.815674893285,
1637.902311138188,
1628.704837080307,
1602.171724563583,
1601.943011296668,
1588.5280420967126,
1669.3532020498853,
1677.50120966329,
1670.575393511882,
1640.4551234988214,
1649.1839824039564,
1644.378372754205,
1640.880481452281,
1591.790388116399,
1640.8322280358052,
1629.6978618557275,
1636.9461558080084,
1633.5856474380416,
1632.9352456437946,
1657.583027303931,
1659.4645713079765,
1594.6407292662143,
1626.0756062054027,
1679.440603856078,
1611.880099647203,
