time,
734.3561019694841,
699.0336608225869,
716.3115307791752,
727.3427352927094,
715.1516819219229,
726.1320863125638,
720.2630196629214,
715.6204750941649,
717.6914863101698,
722.3255421268514,
721.1348960993361,
719.7279452287091,
722.8771627218463,
720.6870208160432,
727.5223690069587,
718.030666895429,
725.2459749465335,
723.4154221064224,
724.0976453172881,
718.8947315700012,
727.2487949877107,
724.399959181882,
722.4242939622702,
719.9943905811095,
728.7410874058351,
736.6504038120851,
732.4957731901175,
728.1417173734359,
735.082178322906,
727.862122562085,
722.394457913049,
734.2599643290347,
721.7772405874936,
718.1492270891854,
729.9510934307967,
731.832728808893,
725.8657632948161,
730.0919365064798,
725.7959843829801,
729.0539357962525,
729.3428393529749,
725.1482509655899,
725.5695054942863,
725.2165783604124,
737.3919076983848,
730.1548666328844,
728.0941342608849,
734.2116476075715,
734.0560352759512,
736.0098451664645,
